id,sakecode,sakename,¥n1,21,田酒 純米吟醸蔵元：株式会社　西田酒造店,住所：青森市大字油川字大浜46,精米歩合：50%,原材料：米・米こうじ,
2,57,獺祭 純米大吟醸 遠心分離50 本生蔵元：旭酒造株式会社,住所：山口県岩国市周東町獺越2167-4,精米歩合：50%,原材料：米・米こうじ,度数：16度,
3,59,清泉（きよいずみ） 特別純米酒蔵元：久須美酒造株式会社,住所：新潟県長岡市小島谷1537-2,精米歩合：55%,原材料：米・米こうじ,度数：15度以上16度未満,
4,61,越淡麗・純米無濾過生原酒蔵元：千代の光酒造株式会社,住所：新潟県妙高市窪松原656,精米歩合：54%,原材料：米・米こうじ,度数：17度以上18度未満,
5,66,澤屋まつもと 無濾過生原酒 純米蔵元：松本酒造株式会社,住所：京都市伏見区横大路三栖大黒町７,原料米：愛山（兵庫県産）,精米歩合：65%,原材料：米・米麹,度数：18度,日本酒度：+3.0,酸数：1.5,アミノ酸度：1.1,
6,68,風和（かぜやわらか）蔵元：有限会社 加藤酒造店,住所：新潟県佐渡市沢根炭屋町50,精米歩合：55%,原材料：米・米麹,度数：15度,
7,75,繁桝　限定　純米吟醸 生々蔵元：株式会社　高橋商店,住所：福岡県八女市本町2-22-1,精米歩合：50%,原材料：米（国産）・米麹（国産）,原材米：山田錦100%,度数：16度以上17度未満,
8,77,神亀 上槽中汲酒蔵元：神亀酒造株式会社,住所：埼玉県蓮田市大字馬込1978,精米歩合：60%,原材料：米・米麹,原材米：阿波山田錦,度数：17度以上17.9度未満,
9,80,龍力 山田錦蔵元：株式会社　本田商店,住所：兵庫県姫路市網干区高田361-1,精米歩合：65%,原材料：米（国産）・米こうじ（国産米）,原材米：兵庫県特A地区産山田錦100%使用,度数：16度,
10,82,龍力　神力蔵元：株式会社　本田商店,住所：兵庫県姫路市網干区高田361-1,精米歩合：65%,原材料：米・米こうじ,原材米：本場神力100%使用,度数：16度以上17度未満,
11,84,羽前　桜川蔵元：野沢酒造場,住所：山形県小国町大字小国小坂町213,精米歩合：45%,原材料：米・米こうじ,度数：15度,
12,92,獺祭 純米大吟醸50 本生蔵元：旭酒造株式会社,住所：山口県岩国市周東町獺越2167-4,精米歩合：50%,原材料：米・米こうじ,度数：16度以上１７度未満,
13,94,とつとつと温かさ伝えたい蔵元：高木酒造株式会社,住所：高知県香南市赤岡町443,精米歩合：65%,原材料：米・米こうじ,度数：15度以上１6度未満,
14,96,黒龍蔵元：黒龍酒造株式会社,住所：福井県吉田郡永平寺町松岡春日1-38,精米歩合：55%,原材料：米・米こうじ,使用米：福井県産五百万石100%,度数：15度,
15,98,土佐 亀泉蔵元：亀泉酒造株式会社,住所：高知県土佐市出間2123-1,精米歩合：60%,原材料：米・米こうじ,度数：15度,
16,100,本州一蔵元：合名会社　梅田酒造場,住所：広島県安芸区船越6-3-8,精米歩合：65%,原材料：米・米こうじ,度数：16度8分,
17,107,龍力 山田穂蔵元：株式会社　本田商店,住所：兵庫県姫路市網干区高田361-1,精米歩合：65%,原材料：米・米こうじ,原材米：山田穂100%使用,度数：16度以上17度未満,
18,109,秀鳳蔵元：有限会社 秀鳳酒造場,住所：山形県山形市山家町1-6-6,精米歩合：50%,原材料：米・米こうじ,日本酒度：+1,酸度：1.7,度数：17度,
19,111,黒牛蔵元：株式会社 名手酒造店,住所：和歌山県海南市黒江846,精米歩合：50%,原材料：米・米こうじ（山田錦100%）,日本酒度：+2,酸度：1.7,度数：15.9度,
20,113,あさ開蔵元：株式会社 あさ開,住所：岩手県盛岡市大慈寺町10-34,精米歩合：65%,原材料：米・米こうじ,度数：15度以上１６度未満,アミノ酸度：1.4,酸度：1.4,
21,115,田酒 純米吟醸 百四拾蔵元：株式会社　西田酒造店,住所：青森市大字油川字大浜46,精米歩合：50%,原材料：米・米こうじ,度数：１６度,
22,120,苗加屋 純米吟醸蔵元：若鶴酒造株式会社,住所：富山県砺波市三郎丸208,精米歩合　：55%,原材料：米・米こうじ,原料米　：　山田錦100%,度数　：　17.0～18.0度未満,
23,123,山（原酒）蔵元：秋鹿酒造,住所：大阪府豊能郡能勢町倉垣１００７,種類　：　山廃　無濾過　純米吟醸,原料米　：　山田錦,精米歩合　：　60%,日本酒度　：　＋5,酸度　：　2.0,度数　：　18.0～19.0度未満,アミノ酸度　：　1.0,杜氏氏名　：　但馬・谷淵秀雄,
24,125,奥播磨蔵元：下村酒造店,住所：兵庫県姫路市安富町安志957,種類　：　山廃・純米,原料米　：　兵庫夢錦,精米歩合　：　55%,度数　：　16.0以上～17.0度未満 / 17.0以上～18.0度未満（生）,
25,127,奥播磨：芳醇超辛蔵元：下村酒造店,住所：兵庫県姫路市安富町安志957,種類：純米吟醸,精米歩合　：　55%,度数　：　17.0以上～18.0度未満,
26,129,袋しぼり蔵元：下村酒造店,住所：兵庫県姫路市安富町安志957,種類：純米・生詰,度数：17.0以上～18.0度未満,
27,131,くどき上手蔵元：亀の井酒造株式会社,住所：山形県鶴岡市羽黒町戸野福の内一,種類：生詰・純米・吟醸,原料米：岡山産雄町100%,精米歩合　：　50%,使用酵母：小川・KA,日本酒度：＋10,酸度：1.3,原材料：米・米こうじ,度数：16.0以上～17.0度未満,
28,133,くどき上手：出羽の里蔵元：亀の井酒造株式会社,住所：山形県鶴岡市羽黒町戸野福の内一,種類：生詰・純米・吟醸,原料米：出羽の里100%,精米歩合　：　44%,使用酵母：小川・1601,日本酒度：-1.0,酸度：1.3,原材料：米・米こうじ,度数：17.0以上～18.0度未満,
29,136,くどき上手：純米吟醸蔵元：亀の井酒造株式会社,住所：山形県鶴岡市羽黒町戸野福の内一,種類：純米・吟醸,原料米：庄内・美山錦100%,精米歩合　：50%,使用酵母：小川10号,日本酒度：＋1.0,酸度：1.2,原材料：米・米こうじ,度数：16.0以上～17.0度未満,
30,138,くどき上手：純米大吟醸33蔵元：亀の井酒造株式会社,住所：山形県鶴岡市羽黒町戸野福の内一,種類：純米・大吟醸　生酒,原料米：出羽燦々（さんさん）100%,精米歩合：33%,使用酵母：KA,日本酒度：＋1.0,酸度：1.2,原材料：米・米こうじ,度数：16.0以上～17.0度未満,
31,141,福の宮蔵元：株式会社宮本酒造店,住所：石川県能美郡辰口町宮竹イ74,原料米：山田錦100%,精米歩合：50%,日本酒度：＋2.0,酸度：1.8,原材料：米・米こうじ,度数：15.0以上～16.0度未満,
32,145,渡舟蔵元：府中誉株式会社,住所：茨城県石岡市国府5-9-32,精米歩合：55%,原材料：米・米こうじ,度数：15.0以上～16.0度未満,
33,147,明鏡止水蔵元：大澤酒造株式会社,住所：長野県佐久市茂田井2206,種類：吟醸酒,原料米：美山錦,日本酒度：＋3,酸度：1.4,原材料：米・米こうじ・醸造アルコール,度数：16.0以上～17.0度未満,
34,149,眞澄　奥伝寒造り蔵元：宮坂醸造株式会社,住所：長野県諏訪市元町1-16,種類：純米酒,原料米：美山錦80%・ひとごこち20%,精米歩合：60%,原材料：米・米こうじ,度数：15度,
35,151,花の舞　純米吟醸蔵元：花の舞酒造株式会社,住所：静岡県浜松市浜北区宮口632,原料米：山田錦100%,精米歩合：55%,原材料：米・米こうじ,度数：18度以上19度未満,
36,153,喜久酔蔵元：青島酒造株式会社,住所：静岡県藤枝市上青島246,精米歩合：50%,原材料：米・米こうじ・醸造アルコール,度数：15度以上16度未満,日本酒度：＋5～+9,酸度：1.1～1.4,
37,155,瀧自慢蔵元：瀧自慢酒造株式会社,住所：三重県名張市赤目町柏原141,種類：純米吟醸　無濾過生酒,原料米：麹米 – 山田錦 ・ 掛米 – 五百万石,精米歩合：麹米 – 50% ・ 掛米 – 55%,使用酵母：蔵内自家培養酵母,日本酒度：＋3,酸度：1.6,原材料：米・米こうじ,度数：17.0以上～18.0度未満,
38,157,澤屋まつもと 無濾過本生原酒　愛山蔵元：松本酒造株式会社,住所：京都市伏見区横大路三栖大黒町7,種類：純米無濾過本生原酒,原料米：愛山（兵庫県産）,精米歩合：65%,日本酒度：＋3.5,酸度：1.7,アミノ酸度：1.0,原材料：米・米麹,度数：18度台,
39,160,酔心蔵元：酔心山根本店,住所：広島県三原市東町1-5-58,原料米　：　麹米 山田錦 / 掛米 広島県産米,精米歩合　：　65%,日本酒度　：　＋2.0,仕込水　：　鷹ノ巣山山麓の湧水,コメント　：　やや辛口の酒。　広島、鷹ノ巣山山麓のブナの原生林に湧く「ブナのめぐみ」といえる清冽な軟水と、最高級の酒米「山田錦」を合わせて丹念に醸し出すと、
  馥郁な香りとすっきりとした飲み口の酒が出来上がる。　「軟水の女酒」と賞讃される酒「酔心」。　飲み飽きない旨味は、横山大観が好んだ酒として知られてる。（しおりより）,
40,162,獺祭（だっさい） 発泡にごり酒蔵元：旭酒造株式会社,住所：山口県岩国市周東町獺越2167-4,種類：発泡にごり酒,原材料名：米・米こうじ,精米歩合：50%,度数：15.0以上～16.0度未満,
41,164,越乃八豊蔵元：越後酒造場,住所：新潟県新潟市葛塚3306-1,種類　：　山廃　無濾過　純米吟醸,精米歩合　：　60%,度数　：　14.0～15.0度未満,
42,166,菊姫　山廃仕込 純米生原酒蔵元：加賀菊酒本舗 菊姫合資会社,住所：石川県白山市鶴来新町夕8,種類　：　山廃 純米,精米歩合　：　70%,度数　：　16.0～17.0度未満,原料米　：　兵庫県吉川町産特A山田錦100%使用,
43,169,菊姫 にごり酒蔵元：菊姫合資会社,住所：石川県白山市鶴来新町夕-8,度数　：　14.0～15.0度未満,原料米　：　兵庫県吉川町産特A山田錦100%使用,原材料名：米・米こうじ・醸造アルコール,
44,171,大山 特別純米酒蔵元：加藤嘉八郎酒造株式会社,住所：山形県鶴岡市大山三丁目1-38,種類：純米,精米歩合：60%,度数　：　14.0～15.0度未満,
45,173,純蔵元：株式会社　宇野酒造場,住所：福井県大野市本町3-4,種類：純米酒,原材米：福井五百万石,原材料名：米・米こうじ,精米歩合：55%,日本酒度：+2.5,酸度：+1.5,使用酵母：協会14号,杜氏：南山幸男（能登杜氏）,度数：15.0～16.0度未満,
46,177,天狗舞蔵元：株式会社車多酒造,住所：石川県白山市坊丸町60番地1,種類　：　純米　山廃,精米歩合　：　60%,度数　：　15.0～16.0度未満,
47,179,千寿　久保田蔵元：朝日酒造株式会社,住所：新潟県長岡市朝日880-1,原材料名：米、米こうじ、醸造アルコール,度数　：　15.0～16.0度未満,
48,181,百寿　越乃かぎろひ蔵元：朝日酒造株式会社,住所：新潟県長岡市朝日880-1,原材料名：米、米こうじ,度数　：　15.0～16.0度未満,
49,183,壱乃　越州蔵元：朝日酒造株式会社,住所：新潟県長岡市朝日880-1,原材料名：米、米こうじ、醸造アルコール,度数　：　15.0～16.0度未満,
50,185,八海山 純米吟醸蔵元：八海醸造株式会社,住所：新潟県南魚沼市長森1051,原材料名：米、米こうじ,精米歩合：50%,度数　：　15.5度,
51,187,越後鶴亀　復刻明治蔵元：上原酒造株式会社,住所：新潟県新潟市竹野町2575-2,原材料名：米、米こうじ,精米歩合：60%,度数　：　18度以上19度未満,
52,189,福乃光・無濾過原酒蔵元：株式会社福光屋,住所：金沢市石引2-8-3,原材料名：米、米こうじ,精米歩合：70%,日本酒度：＋1,酸度：2.0,度数　：　18.0～19.0度未満,
53,191,艶蔵元：加藤吉平商店,住所：福井県鯖江市吉江町1-11,種類：純米大吟醸,原料米：兵庫県産契約栽培山田錦100%,原材料名：米、米こうじ,使用酵母：KATO 9号（自社酵母）,精米歩合：50%,度数：15.0～16.0度未満,
54,193,越後流蔵元：大洋酒造株式会社,住所：新潟県村上市飯野1-4-31,種類：大吟醸,原材料名：米、米こうじ、醸造アルコール,精米歩合：50%,度数：15.0～16.0度未満,
55,195,一耕蔵元：出羽桜酒造株式会社,住所：山形県天童市一日町1-4-6,種類：純米・生,原材料名：米、米こうじ,精米歩合：55%,度数：15.0～16.0度未満,
56,197,出羽桜　大吟醸蔵元：出羽桜酒造株式会社,住所：山形県天童市一日町１丁目4-6,度数　：　15度以上～16度未満,精米歩合　：48%,原材料：米・米こうじ・醸造アルコール,
57,199,小鼓蔵元：（株）西山酒造場,住所：兵庫県丹波市市島町中竹田1171,種類：生詰吟醸,原料米：山田錦20%、五百万石80%,原材料名：米、米こうじ、醸造アルコール,精米歩合：55%,度数：16.0～17.0度未満,
58,201,酔鯨蔵元：酔鯨酒造株式会社,住所：高知市長浜566,種類：特別純米酒,原材料名：米、米こうじ,精米歩合：55%,度数：15.0～16.0度未満,
59,203,雪の十和田蔵元：株式会社 北鹿,住所：秋田県大館市有浦2-2-3,種類：純米山廃,精米歩合：65%,度数：15.0～16.0度未満,
60,205,山田錦蔵元：白鶴酒造株式会社,住所：神戸市灘区住吉南町4-5-5,原料　：　米・米麹,精米歩合：70%,度数：14.0～15.0度未満,
61,207,赤丈（純米大吟醸無濾過原酒）蔵元：中井酒造株式会社,住所：鳥取県倉吉市中河原555,原料　：　米・米麹,精米歩合：50%,度数：18.0度,日本酒度：+4,酸度：1.6,
62,209,繁桝蔵元：株式会社高橋商店,住所：福岡県八女市大字本町2-22-1,種類：大吟醸　生々,原料米：山田錦,原材料名：米、米こうじ,精米歩合：40%,日本酒度：＋5,度数　：　17.0～18.0度未満,
63,211,繁桝クラシック　特別純米酒蔵元：株式会社高橋商店,住所：福岡県八女市大字本町2-22-1,原材料名：米、米こうじ,精米歩合：60%,度数　：　15度以上～16度未満,
64,213,松浦一 純米大吟醸蔵元：松浦一酒造株式会社,住所：佐賀県伊万里市山代町楠久312,原料米：山田錦,原料：米・米麹,精米歩合：40%,日本酒度：-1,酸度：1.8,
65,215,六十餘洲蔵元：今里酒造株式会社,住所：長崎県東彼杵郡波佐見町宿郷596,種類：純米　無濾過原酒,原料米：レイホウ,原料：米・米麹,精米歩合：60%,日本酒度：＋1.0,酸度：2.3,杜氏：吉川昭義,度数：17.8度未満,
66,218,吾妻蔵元：（資）伊藤酒造場,住所：長崎県雲仙市吾妻町古城名241,原料　：　米・米麹・醸造アルコール・糖類,度数：15.0～16.0度未満,
67,220,白星：にごり生酒蔵元：潜龍酒造株式会社,住所：長崎県北松浦郡江迎町長坂免209,原料　：　米・米麹・醸造アルコール・糖類,度数　：14.0～15.0度未満,
68,222,殿様への献上酒蔵元：潜龍酒造株式会社,住所：長崎県北松浦郡江迎町長坂免209,原料　：　米・米麹（純米）　米・米麹・醸造アルコール（辛口、甘口）,度数　：18.0～19.0度未満（純米）、19.0～20.0度未満（甘口）、20.0～21.0度未満（辛口）,
69,224,スズメバチ酒蔵元：オイ,アルコール度数：15度,原料：酒・スズメバチ,容量：だんだん増えてます,価格：非売品,
70,226,たまご酒蔵元：オイ,アルコール度数：15度,原料：酒・砂糖・卵,容量：まちまち,価格：非売品,
71,251,一ノ蔵 特別純米酒 超辛口蔵元：株式会社 一ノ蔵,住所：宮城県大崎市松山千石字大欅14,原料　：　米・米こうじ,度数　：15～16度未満,精米歩合　：55%,
72,254,一ノ蔵 純米吟醸蔵元：株式会社 一ノ蔵,住所：宮城県大崎市松山千石字大欅14,原料　：　米（宮城県産）・米こうじ（宮城県産米）,度数　：15～16度未満,精米歩合　：50%,
73,258,喜楽長 純米大吟醸 夢銀河蔵元：喜多酒造 株式会社,住所：滋賀県東近江市池田町1129,原料　：　米・米こうじ,度数　：17～18度未満,精米歩合　：50%,
74,262,梅乃宿　純米吟醸　しぼりたて蔵元：梅乃宿酒造 株式会社,住所：奈良県葛城市東室27,原料　：　米・米こうじ,度数　：17～18度未満,精米歩合　：60%,
75,264,誠鏡　純米吟醸 雄町蔵元：中尾醸造 株式会社,住所：広島県竹原市中央5-9-14,原料　：　米・米こうじ,度数　：15～16度未満,精米歩合　：55%,日本酒度　：＋3,
76,266,能古見　純米吟醸蔵元：有限会社 馬場酒造場,住所：佐賀県鹿島市大字三河内乙1365,原料　：　米・米こうじ,度数　：16～17度未満,精米歩合　：50%,日本酒度　：＋1前後,
77,268,黒兜 山田錦 純米吟醸蔵元：池亀酒造株式会社,住所：福岡県久留米市三潴町草場545 ,原料　：　米・米こうじ,度数　：15度未満,精米歩合　：50%,
78,271,巌瀬 純米吟醸蔵元：皇国晴酒造株式会社,住所：富山県黒部市生地296,原料　：　米・米こうじ,度数　：15度,精米歩合　：50%,日本酒度　：+4,酸度　：1.6,
79,273,白岳仙 純米吟醸蔵元：安本酒造有限会社,住所：福井県福井市安原町7-4,原料　：　米・米こうじ,度数　：15度以上16度未満,精米歩合　：55%,
80,275,肥前蔵心 純米吟醸蔵元：矢野酒造株式会社,住所：佐賀県鹿島市大字高津原3903-1,原料　：　米・米こうじ,度数　：15度以上16度未満,精米歩合　：50%,日本酒度　：+1,酸度　：1.6,アミノ酸度　：1.3,
81,288,黒兜 夢一献 純米吟醸蔵元：池亀酒造株式会社,住所：福岡県久留米市三潴町草場545 ,原料　：　米・米こうじ,度数　：15度,精米歩合　：55%,
82,293,梅乃宿　純米吟醸　生原酒蔵元：梅乃宿酒造 株式会社,住所：奈良県葛城市東室27,原料　：　米・米こうじ,度数　：17～18度未満,精米歩合　：50%,
83,295,龍力 特別純米酒蔵元：株式会社　本田商店,住所：兵庫県姫路市網干区高田361-1,精米歩合：65%,原材料：米・米こうじ,度数：16度以上17度未満,
84,297,上松 龍力米のささやき 大吟醸蔵元：株式会社　本田商店,住所：兵庫県姫路市網干区高田361-1,精米歩合：酒母・麹米35% 掛米35%,原材料：米・米こうじ・醸造アルコール,度数：17度以上18度未満,原料米：山田錦100%,原料米産地：兵庫県特A地区 上松,酸度：1.2,日本酒度：+3.0,アミノ酸度：0.8,杜氏氏名：藤原光雄,
85,299,秋宵 ひやおろし蔵元：盛川酒造株式会社,住所：広島県呉市安浦町原畑44,精米歩合：65%,原材料：米・米こうじ,度数：15度以上16度未満,
86,302,阿櫻 純米大吟醸蔵元：阿桜酒造株式会社,住所：秋田県横手市大沢字西野67-2,精米歩合：43%,原材料：米・米こうじ,度数：16度,
87,304,隠し剣 超長期醗酵 大吟醸蔵元：酒六酒造株式会社,住所：愛媛県喜多郡内子町内子3279-1,精米歩合：50%,原材料：米・米こうじ,度数：15度以上16度未満,
88,306,ひと夏熟成　槽汲み蔵元：株式会社杜の蔵,住所：福岡県久留米市三潴町玉満2773,精米歩合：65%,原材料：米・米こうじ,度数：17度,
89,308,聖蔵元：聖酒造株式会社,住所：群馬県渋川市北橘町下箱田380,精米歩合：60%,原材料：米・米こうじ,度数：16度以上17度未満,
90,310,はねぎ搾り 純米吟醸酒蔵元：合資会社 吉田屋,住所：長崎県南島原市有家町山川785,精米歩合：60%,原材料：米・米こうじ,度数：14度以上15度未満,
91,325,東龍 純米大吟醸蔵元：東春酒造株式会社,住所：愛知県名古屋市守山区瀬古東3-1605,精米歩合：35%,原材料：米・米こうじ,原材米：山田錦100%,度数：15度以上16度未満,酸度：1.3,アミノ酸度：1.1,日本酒度：+2,
92,337,月輪　杜氏　横沢裕子蔵元：（有）月の輪酒造店,住所：岩手県柴波町高水寺字向畑101,精米歩合：65%,原材料：米・米こうじ,度数：15度,
93,339,蒲原 純米吟醸蔵元：下越酒造株式会社,住所：新潟県東蒲原郡阿賀町津川3644,精米歩合：精米歩合：麹米50％、掛米50%,原材料：米・米こうじ,度数：16～17度,
94,341,萬年雪 超辛口蔵元：森田酒造株式会社,住所：岡山県倉敷市本町8-8,精米歩合：70%,原材料：米・米こうじ・醸造アルコール,度数：17～18度未満,
95,343,蔵出ししぼりたて 杵の川蔵元：株式会社杵の川,住所：長崎県諌早市土師野尾町17-4,原材料：米・米こうじ・醸造アルコール,度数：19度,
96,345,貴蔵元：株式会社永山本家酒造場,住所：山口県宇部市車地138,原材料：米・米こうじ,精米歩合：50%,度数：16度以上17度未満,
97,347,神亀 純米酒蔵元：神亀酒造株式会社,住所：埼玉県蓮田市大字馬込1978,原材料：米・米麹,度数：15度以上16度未満,
98,349,スーパーくどき上手 純米大吟醸蔵元：亀の井酒造株式会社,住所：山形県鶴岡市羽黒町戸野福の内一,原料米：改良信交100%,精米歩合：30%,使用酵母：M310,日本酒度：＋1.0,酸度：1.2,原材料：米・米こうじ,度数：17.0以上～18.0度未満,
99,351,龍力 米のささやき 大吟醸蔵元：株式会社　本田商店,住所：兵庫県姫路市網干区高田361-1,精米歩合：35%,原材料：米・米こうじ・醸造アルコール,度数：17度以上18度未満,原料米：山田錦100%,原料米産地：兵庫県特A地区,酸度：1.2,日本酒度：+3.0,アミノ酸度：0.9,杜氏氏名：藤原光雄,
100,353,龍力 純米しぼりたて蔵元：株式会社　本田商店,住所：兵庫県姫路市網干区高田361-1,精米歩合：65%,原材料：米・米こうじ,度数：18度以上19度未満,
101,358,白岳仙 山田錦十六号 中取り蔵元：安本酒造有限会社,住所：福井県福井市安原町7-4,原料　：　米・米こうじ,度数　：15度以上16度未満,精米歩合　：55%,
102,372,誠鏡 生詰原酒蔵元：中尾醸造 株式会社,住所：広島県竹原市中央5-9-14,原料　：　米・米こうじ,度数　：16～17度未満,精米歩合　：65%,日本酒度　：-1,酸度　：1度5分,
103,375,独楽蔵 純米吟醸蔵元：株式会社杜の蔵,住所：福岡県久留米市三潴町玉満2773,精米歩合：55%,原材料：米・米こうじ,度数：15度,
104,393,常山 特選純米酒蔵元：常山酒造合資会社,住所：福井県福井市御幸1-19-10,原料米：五百万石100%使用,原材料名：米、米こうじ,精米歩合：60%,酸度：1.4,度数：15.0～16.0度未満,
105,397,墨廼江 純米吟醸 生蔵元：墨廼江酒造株式会社,住所：宮城県石巻市千石町8-43,原材料名：米、米こうじ,精米歩合：55%,度数：16.0～17.0度未満,
106,399,亀酔蔵元：米鶴酒造株式会社,住所：山形県東置賜郡高畠町二井宿1076,原材料名：米、米こうじ,精米歩合：60%,度数：15度,日本酒度：+1～+3,
107,401,諏訪浪漫 純米大吟醸蔵元：麗人酒造株式会社,住所：長野県諏訪市諏訪２－９－２１,原材料名：米、米こうじ,精米歩合：49%,度数：15度以上～16度未満,日本酒度：+1,酸度：1.5,アミノ酸度：1.0,
108,403,真野鶴 辛口吟醸蔵元：尾畑酒造株式会社,住所：新潟県佐渡市真野新町449,原材料名：米、米こうじ、醸造アルコール,精米歩合：55%,度数：15度以上～16度未満,日本酒度：+5～7,酸度：1.2前後,アミノ酸度：1.0前後,
109,406,峰乃白梅 超淡麗辛口蔵元：福井酒造株式会社,住所：新潟県新潟市西蒲区福井1833,原材料名：米、米こうじ,精米歩合：65%,度数：15度以上～16度未満,日本酒度：+8,
110,408,播州一献 純米吟醸蔵元：山陽盃酒造株式会社,住所：兵庫県宍粟市山崎町山崎２８,原材料名：米、米こうじ,精米歩合：55%,度数：15度以上～16度未満,日本酒度：+3,
111,410,米百俵 純米吟醸蔵元：栃倉酒造株式会社,住所：新潟県長岡市大積町１丁目  乙274−3,原材料名：米、米こうじ,精米歩合：50%,度数：15度以上～16度未満,
112,412,秋鹿 純米吟醸 生酒蔵元：秋鹿酒造,住所：大阪府豊能郡能勢町倉垣１００７,原料米　：　能勢産山田錦100%,原材料　：　米、米こうじ,精米歩合　：　60%,度数　：　15.0～16.0度未満,
113,422,賀茂鶴 大吟醸蔵元：賀茂鶴酒造株式会社,住所：広島県東広島市西条本町4-31,原料米：能勢産山田錦100%,原材料：米、米こうじ、醸造アルコール、金箔,精米歩合：50%,度数：16.0～17.0度未満,
114,424,まほろば蔵元：米鶴酒造株式会社,住所：山形県東置賜郡高畠町二井宿1076,原材料名：米、米こうじ,精米歩合：60%,度数：15度,日本酒度：+1～+3,
115,426,松浦一 純米吟醸蔵元：松浦一酒造株式会社,住所：佐賀県伊万里市山代町楠久312,原料米：赤磐雄町100%,原料：米・米麹,精米歩合：50%,日本酒度：-2,酸度：1.6,アルコール度数：15度,
116,428,米の極蔵元：菊川株式会社,住所：岐阜県各務原市鵜沼西町1-543,原料：米・米麹,アルコール度数：15度以上16度未満,
117,430,阿波鶴蔵元：明星酒造有限会社,住所：徳島県美馬市美馬町喜来市71-1,原料：米、米麹、醸造アルコール,アルコール度数：15度以上16度未満,
118,432,極上黒松剣菱蔵元：剣菱酒造有限会社,住所：神戸市東灘区深江浜町53,原料：米、米麹、醸造アルコール,アルコール度数：16.8度,
119,434,奥の松 純米吟醸蔵元：奥の松酒造株式会社,住所：福島県二本松市長命69,精米歩合：58%,日本酒度：+1.0,酸度：1.4,原料：米、米麹,アルコール度数：15度,
120,440,春霞　純米　無濾過生蔵元：（名）栗林酒造店,住所：秋田県仙北郡美郷町六郷字米町56,原料米：美山錦100%,精米歩合：60%,日本酒度：-1.0,酸度：1.7,使用酵母：K-901,アルコール度数：16度以上17度未満,原料：米（国産）、米麹（国産米）,
121,445,原田 純米吟醸蔵元：株式会社はつもみぢ,住所：山口県周南市飯島町1-40,原料米：山田100%,精米歩合：50%,日本酒度：+3,酸度：1.6,アルコール度数：15度以上16度未満,原料：米（山口県産）、米麹（山口県産米）,
122,447,水尾 純米吟醸蔵元：株式会社田中屋酒造店,住所：長野県飯山市大字飯山2227,原料米：金紋錦100%（長野県産木島平村産）,精米歩合：49%,アルコール度数：15度以上16度未満,原料：米、米麹,
123,455,肥前蔵心 純米吟醸　生貯蔵酒蔵元：矢野酒造株式会社,住所：佐賀県鹿島市大字高津原3903-1,原料　：　米・米こうじ,度数　：15度以上16度未満,精米歩合　：55%,
124,458,豊潤　純米吟醸蔵元：株式会社 小松酒造場,住所：大分県宇佐市大字長洲3341,原料：米・米こうじ,度数：16度,精米歩合：50%,
125,466,月山 純米吟醸蔵元：吉田酒造株式会社,住所：島根県安来市広瀬町広瀬1216,原料：米・米こうじ,原料米：佐香錦100%,度数：17度以上18度未満,精米歩合：55%,日本酒度：+3.0,酸度：1.5,
126,470,〆張鶴　樽酒蔵元：宮尾酒造株式会社,住所：新潟県村上市上片町5-15,原料：米・米こうじ・醸造用アルコール,度数：15度以上16度未満,
127,473,文佳人 純米吟醸 辛口蔵元：株式会社アリサワ　有澤酒造場,住所：高知県香美市土佐山田町西本町1-4-1,原料：米・米こうじ,度数：15度以上16度未満,精米歩合：55%,
128,477,麒麟山 大吟醸 辛口蔵元：麒麟山酒造株式会社,住所：新潟県東蒲原郡阿賀町津川46,原料：米・米こうじ・醸造アルコール,度数：15度以上16度未満,精米歩合：45%,
129,481,天吹　純米吟醸蔵元：天吹酒造合資会社,住所：佐賀県三養基郡みやき町大字東尾2894,酵母　：　なでしこ酵母,原料　：　米・米こうじ,度数　：16度以上17度未満,精米歩合　：55%,
130,487,相模灘　純米吟醸蔵元：久保田酒造株式会社,住所：神奈川県相模原市緑区根小屋７０２,原料　：　米・米こうじ,度数　：16度,精米歩合　：50%,
131,490,楯野川 純米大吟蔵元：楯の川酒造株式会社,住所：山形県酒田市山楯字清水田27,原材料名：米、米こうじ,精米歩合：0%,度数：15度以上16度未満,
132,494,菊姫 姫蔵元：菊姫合資会社,住所：石川県白山市鶴来新町夕-8,度数　：　14.0～15.0度未満,原材料名：米・米こうじ・醸造アルコール,
133,497,菊姫 菊蔵元：菊姫合資会社,住所：石川県白山市鶴来新町夕-8,度数　：　15.0～16.0度未満,原材料名：米・米こうじ・醸造アルコール,
134,502,宮の松 純米酒 七割磨き蔵元：合名会社 松尾酒造場,住所：佐賀県西松浦郡有田町大木宿乙617,度数：15度,原材料名：米・米こうじ,精米歩合：70%,
135,512,はねぎ搾り 純米酒蔵元：合資会社 吉田屋,住所：長崎県南島原市有家町山川785,精米歩合：70%,原材料：米・米こうじ,度数：14度以上15度未満,
136,514,瑞冠 純米吟醸 山ハイ仕込蔵元：山岡酒造株式会社,住所：広島県三次市甲奴町西野489-1,精米歩合：60%,原材料：米・米こうじ,度数：16度以上17度未満,
137,516,やまたのおろち 超辛・特別純米蔵元：李白酒造有限会社,住所：島根県松江市石橋町335,精米歩合：58%,原材料：米・米こうじ,度数：15度以上16度未満,
138,518,菊姫　特撰　純米蔵元：菊姫合資会社,住所：石川県白山市鶴来新町夕-8,度数　：　16.0～17.0度未満,原材料名：米・米こうじ,原料米：兵庫県三木市吉川町（特A地区）産　山田錦100%使用,精米歩合：65%,
139,520,垂氷 純米蔵元：大澤酒造株式会社,住所：長野県佐久市茂田井2206,原料米：兵庫県産山田錦100%使用,原材料：米・米こうじ,度数：16.0以上～17.0度未満,精米歩合：麹米60% 掛米65%,
140,522,天吹　純米吟醸 生もと蔵元：天吹酒造合資会社,住所：佐賀県三養基郡みやき町大字東尾2894,酵母　：　月下美人酵母,原料米　：　山田錦100%,原料　：　米・米こうじ,度数　：16度,精米歩合　：55%,
141,524,李白 純米大吟醸蔵元：李白酒造有限会社,住所：島根県松江市石橋町335,精米歩合：45%,原材料：米・米こうじ,度数：16度以上17度未満,
142,527,菊姫 ひやおろし蔵元：菊姫合資会社,住所：石川県白山市鶴来新町夕-8,度数：18.0度未満,原材料名：米・米こうじ,原料米：兵庫県三木市吉川町（特A地区）産　山田錦100%使用,精米歩合：65%,
143,531,風の森蔵元：油長酒造株式会社,住所：奈良県御所市本町1160,度数：17度,原材料名：米・米こうじ,精米歩合：45%,
144,533,玉出泉 ひやおろし蔵元：大賀酒造株式会社,住所：福岡県筑紫野市二日市中央4-9-1,度数：14度,原材料名：米・米こうじ,精米歩合：65%,
145,538,賀茂鶴　純米吟醸　にごり蔵元：賀茂鶴酒造株式会社,住所：広島県東広島市西条本町4-31,原材料：米、米こうじ,精米歩合：60%,日本酒度：-20,度数：15.0～16.0度未満,
146,542,大信州 純米吟醸 ひやおろし蔵元：大信州酒造株式会社,住所：長野県松本市島立2380,原材料：米、米こうじ,精米歩合：50%,度数：16度,
147,546,〆張鶴　大吟醸 金ラベル蔵元：宮尾酒造株式会社,住所：新潟県村上市上片町5-15,原料：米・米こうじ・醸造用アルコール,度数：16度,精米歩合：35%,
148,549,天巧 純米大吟醸蔵元：小玉醸造株式会社,住所：秋田県潟上市飯田川飯塚字飯塚34-1,原料：米・米こうじ,度数：16度以上17度未満,精米歩合：40%,原料米：山田錦100%,日本酒度：+2.0,酸度：1.5,
149,554,太冠 純米吟醸蔵元：太冠酒造株式会社,住所：山梨県南アルプス市上宮地57,原料：米・米こうじ,度数：15度以上16度未満,精米歩合：50%,原料米：雄町,日本酒度：+5,酸度：1.6,
150,557,男山　生もと 純米酒蔵元：男山株式会社,住所：北海道旭川市永山二条7丁目,原料：米・米こうじ,度数：15度,精米歩合：60%,
151,561,亀遊 純米吟醸 生酒蔵元：池亀酒造株式会社,住所：福岡県久留米市三潴町草場545 ,原料　：　米・米こうじ,度数　：15度,精米歩合　：55%,
152,565,六號　ひやおろし　特別純米酒蔵元：新政酒造株式会社,住所：秋田県秋田市大町6-2-35,原料　：　米・米こうじ,度数　：16度,精米歩合　：60%,使用酵母　：六号酵母,
153,568,大山 特別純米酒蔵元：加藤嘉八郎酒造株式会社,住所：山形県鶴岡市大山三丁目1-38,精米歩合：60%,度数　：　15～16度未満,
154,572,みやさか　純米吟醸蔵元：宮坂醸造株式会社,住所：長野県諏訪市元町1-16,原料米：美山錦100%,精米歩合：50%,原材料：米・米こうじ,度数：16度,
155,576,開華　純米吟醸蔵元：第一酒造株式会社,住所：栃木県佐野市田島町488,精米歩合：53%,原材料：米・米こうじ,度数：16度,
156,580,繁桝 限定大吟醸　生々蔵元：株式会社　高橋商店,住所：福岡県八女市本町2-22-1,精米歩合：50%,原材料：米（国産）・米麹（国産）・醸造アルコール,原材米：山田錦100%,度数：17度以上18度未満,
157,584,開華 純米 あらばしり 無濾過生原酒蔵元：第一酒造株式会社,住所：栃木県佐野市田島町488,精米歩合：65%,原材料：米・米こうじ,度数：17度,
158,588,夏子物語 特別純米酒蔵元：久須美酒造株式会社,住所：新潟県長岡市小島谷1537-2,精米歩合：55%,原材料：米・米こうじ,度数：15度以上16度未満,
159,591,白岳仙 純米吟醸 奥越五百万石蔵元：安本酒造有限会社,住所：福井県福井市安原町7-4,原料　：　米・米こうじ,度数　：15度以上16度未満,精米歩合　：58%,
160,594,龍力 特別純米 生もと仕込み蔵元：株式会社　本田商店,住所：兵庫県姫路市網干区高田361-1,精米歩合：65%,原材料：米・米こうじ,度数：16度以上17度未満,
161,597,出羽桜 純米吟醸酒 無濾過生原酒蔵元：出羽桜酒造株式会社,住所：山形県天童市一日町１丁目4-6,度数　：　17度,精米歩合　：50%,原材料：米・米こうじ,
162,600,大山 封印酒 純米吟醸蔵元：加藤嘉八郎酒造株式会社,住所：山形県鶴岡市大山三丁目1-38,精米歩合：50%,度数　：　15～16度未満,
163,604,真鶴 純米大吟醸 飛翔蔵元：株式会社 田中酒造店,住所：宮城県加美郡加美町字西田88-1,原材料：米、米麹,原材米：兵庫県産山田錦100%,精米歩合：40%,仕込水：奥羽山系湧水,度数：15～16度未満,日本酒度：+1.0～+2.0,酸度：1.0ml～1.2ml,アミノ酸度：1.0ml～1.2ml,
164,607,真鶴 純米吟醸蔵元：株式会社 田中酒造店,住所：宮城県加美郡加美町字西田88-1,原材料：米、米麹,精米歩合：50%,度数：15～16度未満,
165,611,梅乃宿 特別純米酒蔵元：梅乃宿酒造 株式会社,住所：奈良県葛城市東室27,原料　：　米・米こうじ,度数　：15～16度未満,精米歩合　：55%,
166,615,楯野川 純米大吟醸 美山錦蔵元：楯の川酒造株式会社,住所：山形県酒田市山楯字清水田27,原材料名：米、米こうじ,精米歩合：50%,度数：15度以上16度未満,
167,619,啓翁桜　純米大吟醸蔵元：和田酒造合資会社,住所：山形県西村山郡河北町谷地甲17,原材料名：米、米こうじ,精米歩合：40%,度数：15度以上16度未満,原料米：改良信交100%,日本酒度：+3,酸度：1.4,
168,622,雪男 純米酒蔵元：青木酒造株式会社,住所：新潟県南魚沼市塩沢1214,原材料名：米、米こうじ,精米歩合：60%,度数：15度,
169,625,六號　なまざけ　特別純米酒蔵元：新政酒造株式会社,住所：秋田県秋田市大町6-2-35,原料　：　米・米こうじ,度数　：15度,精米歩合　：60%,使用酵母　：きょうかい6号,
170,629,麹屋 純米吟醸蔵元：株式会社　高橋商店,住所：福岡県八女市本町2-22-1,精米歩合：55%,原材料：米・米麹,度数：15度以上16度未満,日本酒度：+2,酸度：1.4,
171,632,豊盃 純米吟醸蔵元：三浦酒造株式会社,住所：青森県弘前市大字石渡5-1-1,精米歩合：55%,原材料：米（国産）・米麹（国産米）,度数：15度以上16度未満,
172,636,六十餘洲 純米吟醸蔵元：今里酒造株式会社,住所：長崎県東彼杵郡波佐見町宿郷596,原料米：山田錦,原料：米・米麹,精米歩合：50%,度数：16度,
173,640,梅乃宿 純米吟醸 山廃仕込蔵元：梅乃宿酒造 株式会社,住所：奈良県葛城市東室27,原料　：　米・米こうじ,度数　：17～18度未満,精米歩合　：50%,
174,645,奥 純米吟醸原酒蔵元：山﨑合資会社,住所：愛知県西尾市西幡豆町柿田57,原料：米・米こうじ,度数：18.5度未満,精米歩合：60%,
175,650,陸奥 八仙 黒ラベル蔵元：八戸酒造株式会社,住所：青森県八戸市大字湊町字本町9,原料：米・米こうじ（原料米 華吹雪）,度数：16度未満,精米歩合：55%,
176,655,夢香蔵蔵元：大賀酒造株式会社,住所：福岡県筑紫野市二日市中央4-9-1,度数：15度,原材料名：米・米こうじ,精米歩合：55%,
177,658,奏雨蔵元：真名鶴酒造合資会社,住所：福井県大野市明倫町11-3,度数：13度,原材料名：米・米こうじ,精米歩合：50%,
178,662,一生青春蔵元：曙酒造合資会社,住所：福島県河沼郡会津坂下町戌亥乙２,度数：16度以上17度未満,原材料名：米・米こうじ、醸造アルコール,原料麹米：会津坂下産　山田錦,原料掛米：岡山県産　あけぼの,精米歩合：55%,
179,671,旭日　ひやおろし蔵元：旭日酒造有限会社,住所：島根県出雲市今市町662,精米歩合：70%,原材料：米・米こうじ,原材米：出雲産五百万石100%,度数：17度以上18度未満,日本酒度：+10,酸数：1.8,酵母：協会701号,
180,674,住吉 特別純米酒蔵元：樽平酒造株式会社,住所：山形県東置賜郡川西町中小松２８８６,精米歩合：60%,原材料：米・米こうじ,度数：15度以上16度未満,日本酒度：+7,
181,679,平井城 純米吟醸蔵元：松屋酒造株式会社,住所：群馬県群馬市藤岡乙180,精米歩合：60%,酒米：群馬県産　舞風,原材料：米・米こうじ,度数：15度,日本酒度：+7,酸度：1.6,
182,686,龍力特別純米 無濾過氷温瓶囲蔵元：株式会社　本田商店,住所：兵庫県姫路市網干区高田361-1,精米歩合：65%,原材料：米・米こうじ,度数：16度以上17度未満,
183,691,万齢 無濾過生原酒蔵元：小松酒造株式会社,住所：佐賀県唐津市相知町千束１４８９,精米歩合：55%,原材料：米・米こうじ,度数：17度,日本酒度：+5,
184,693,秋櫻 コスモス蔵元：株式会社今田酒造本店,住所：広島県東広島市安芸津町三津３７３４,精米歩合：麹50% 掛60%,原材料：米・米こうじ・醸造アルコール,度数：15～15.9度,
185,709,國香 純米吟醸蔵元：國香酒造株式会社,住所：静岡県袋井市山田537,日本酒度：+7.0,酸度：1.3,アミノ酸：1.1,使用酵母：静岡吟醸HD-1,原料米：山田錦100%,精米歩合：50%,原材料：米・米こうじ,度数：15度以上16度未満,
186,713,惣花　純米吟醸蔵元：日本盛株式会社,住所：兵庫県西宮市用海町４−５７,精米歩合：55%,原材料：米・米こうじ,度数：15度以上16度未満,
187,718,〆張鶴　大吟醸 銀ラベル蔵元：宮尾酒造株式会社,住所：新潟県村上市上片町5-15,原料：米・米こうじ・醸造用アルコール,度数：16度,精米歩合：38%,
188,721,越後鶴亀 純米 生蔵元：上原酒造株式会社,住所：新潟県新潟市竹野町2575-2,原材料名：米、米こうじ,精米歩合：60%,度数　：　15度以上16度未満,
189,724,無風 純米吟醸 瓶囲熟成原酒蔵元：玉泉堂酒造株式会社,住所：岐阜県養老郡養老町高田800-3,原材料名：米、米こうじ,精米歩合：60%,度数　：　16度以上17度未満,
190,727,土佐鶴 辛口吟醸蔵元：土佐鶴酒造株式会社,住所：高知県安田町1586,原材料名：米、米こうじ、醸造アルコール,精米歩合：50%,度数：15度以上16度未満,日本酒度：+8,
191,732,佐久の花 純米吟醸無濾過生酒蔵元：佐久の花酒造株式会社,住所：長野県佐久市下越620,原材料名：米、米こうじ,精米歩合：55%,度数：17度以上18度未満,
192,736,庭のうぐいす 特別純米蔵元：合名会社 山口酒造場,住所：福岡県久留米市北野町今山５３４−１,原材料名：米、米こうじ,精米歩合：60%,度数：15度,
193,740,紀土 純米大吟醸蔵元：平和酒造株式会社,住所：和歌山県海南市溝ノ口119,原材料名：米、米こうじ,精米歩合：48%,度数：15度以上16度未満,
194,744,幻の瀧 大吟醸 しぼりたて蔵元：皇国晴酒造株式会社,住所：富山県黒部市生地296,原料　：　米・米こうじ・醸造アルコール,度数　：16度,精米歩合　：50%,
195,750,寶剣 特別純米酒 しぼりたて 生酒蔵元：宝剣酒造株式会社,住所：広島県呉市仁方本町1-11-2,原料　：　米(広島県産)・米こうじ（広島県産米）,使用米　：広島県産八反錦100%使用,度数　：16.0度～16.9度,精米歩合　：60%,
196,754,陸奥 八仙 赤ラベル蔵元：八戸酒造株式会社,住所：青森県八戸市大字湊町字本町9,原料：米・米こうじ（原料米：麹＝華吹雪、掛＝まっしぐら）,度数：16度,精米歩合：麹＝55%、掛＝60%,
197,758,五凛 純米大吟醸蔵元：株式会社車多酒造,住所：石川県白山市坊丸町60番地1,原料米：兵庫県産特A地区産山田錦１００％,精米歩合：45%,度数：16度,原材料：米、米こうじ,
198,764,陸奥 男山蔵元：八戸酒造株式会社,住所：青森県八戸市大字湊町字本町9,原料：米・米こうじ,度数：16度,精米歩合：65%,
199,767,湘南 純米吟醸蔵元：熊澤酒造株式会社,住所：神奈川茅ヶ崎市香川7-10-7,原料　：　米・米こうじ,度数　：15度,精米歩合　：60%,
200,775,無風 大吟醸 華や香蔵元：玉泉堂酒造株式会社,住所：岐阜県養老郡養老町高田800-3,原材料名：米、米こうじ、醸造アルコール,精米歩合：50%,度数　：　16度以上17度未満,
201,779,雁木 純米無濾過蔵元：八百新酒造株式会社,住所：山口県岩国市今津町3-18-9,原材料名：米、米こうじ,原料米：山田錦100%使用,精米歩合：60%,度数　：　17度以上18度未満,
202,787,賀茂鶴 吟醸蔵元：賀茂鶴酒造株式会社,住所：広島県東広島市西条本町4-31,原料米：能勢産山田錦100%,原材料：米、米こうじ、醸造アルコール,精米歩合：60%,度数：15.0～16.0度未満,
203,795,龍勢 純米吟醸蔵元：藤井酒造株式会社,住所：広島県竹原市本町3-4-14,精米歩合：60%,原材料：米・米こうじ,度数：18度,
204,798,出羽桜 純米蔵元：出羽桜酒造株式会社,住所：山形県天童市一日町１丁目4-6,度数　：　15度,精米歩合　：50%,原材料：米・米こうじ,
205,806,ALPHA蔵元：油長酒造株式会社,住所：奈良県御所市本町1160,度数：14度,原材料名：米・米こうじ,精米歩合：65%,
206,812,七本鎗 純米吟醸蔵元：冨田酒造有限会社,住所：滋賀県長浜市木之本町木之本１１０７,度数：15度以上16度未満,原材料名：米・米こうじ,精米歩合：麹米55%、掛米55%,
207,814,白鴻　特別純米蔵元：盛川酒造株式会社,住所：広島県呉市安浦町原畑44,精米歩合：60%,原材料：米・米こうじ,度数：15度以上16度未満,
208,818,杉勇 特別純米辛口蔵元：（資）杉勇蕨岡酒造場,住所：山形県飽海郡遊佐町大字上蕨岡字御備田47-1,精米歩合：55%,原材料：米・米こうじ,度数：17度以上18度未満,
209,821,陸奥八仙 ISARIBI蔵元：八戸酒造株式会社,住所：青森県八戸市大字湊町字本町9,原料：米・米こうじ,度数：15度,精米歩合：60%,
210,825,無風 純米吟醸 涼や香蔵元：玉泉堂酒造株式会社,住所：岐阜県養老郡養老町高田800-3,原材料名：米、米こうじ,精米歩合：60%,度数　：　14度以上15度未満,
211,837,山香　純米吟醸蔵元：梅乃宿酒造 株式会社,住所：奈良県葛城市東室27,原料　：　米・米こうじ,度数　：16度未満,精米歩合　：60%,
212,844,男山　超辛純米蔵元：八戸酒造株式会社,住所：青森県八戸市大字湊町字本町9,原料：米・米こうじ,度数：16度,精米歩合：65%,
213,850,菊姫 金劔 純米蔵元：菊姫合資会社,住所：石川県白山市鶴来新町夕-8,度数　：　15.0～16.0度未満,原材料名：米・米こうじ,原料米：兵庫県三木市吉川町（特A地区）産　山田錦100%使用,精米歩合：65%,
214,861,名倉山 大吟醸蔵元：名倉山酒造株式会社,住所：福島県会津若松市千石町2-46,度数　：　15.0～16.0度未満,原材料名：米・米こうじ・醸造アルコール,精米歩合：45%,
215,864,亀の尾 米鶴 純米大吟醸蔵元：米鶴酒造株式会社,住所：山形県東置賜郡高畠町二井宿1076,原材料名：米、米こうじ,精米歩合：50%,度数：15度,
216,871,鶴齢 純米大吟醸蔵元：青木酒造株式会社,住所：新潟県南魚沼市塩沢1214,原材料名：米、米こうじ,精米歩合45%,度数：15度以上16度未満,
217,875,小左衛門 純米吟醸蔵元：中島醸造株式会社,住所：岐阜県瑞浪市土岐町7181-1,原材料名：米、米こうじ 信濃美山錦１００％使用,精米歩合55%,度数：16.5度,日本酒度：+11,酸：1.7,
218,878,ひこ孫 大吟醸蔵元：神亀酒造株式会社,住所：埼玉県蓮田市大字馬込1978,原材料：米・米麹,度数：16度以上16.9度以下,精米歩合：40％,
219,886,花は咲く 蔵の華 純米吟醸 浦霞蔵元：株式会社佐浦,住所：宮城県塩釜市本町2-19,原材料：米・米麹,度数：15度以上16度未満,精米歩合：55%,
220,888,ひやおろし蔵元：潜龍酒造株式会社,住所：長崎県北松浦郡江迎町長坂免209,原料：米・米麹,度数：15度,精米歩合：65%,
221,892,花の舞 しぼりたて　純米蔵元：花の舞酒造株式会社,住所：静岡県浜松市浜北区宮口632,精米歩合：60%,原材料：米・米こうじ,度数：18度以上19度未満,
222,896,東光 純米吟醸原酒蔵元：小嶋総本店,住所：山形県米沢市本町二丁目2-3,原材料名：米、米こうじ,精米歩合：55%,度数：16度,日本酒度：-4,
223,900,蓬莱 純米吟醸蔵元：有限会社 渡辺酒造店,住所：岐阜県飛騨市古川町壱之町７−７,原材料名：米、米こうじ,精米歩合：55%,度数：15度,
224,903,旭日『短稈渡船ひやおろし』　純米吟醸原酒蔵元：藤居本家,住所：滋賀県愛知郡愛荘町長野793,原料：米・米こうじ,度数：18度,精米歩合：60%,
225,907,若竹　特別純米　鬼乙女 幸蔵元：株式会社 大村屋酒造場,住所：静岡県島田市本通１丁目１−８,原料：米・米こうじ,度数：16度,精米歩合：60%,日本酒度；+2,酸度：1.3,アミノ酸度：1.2,
226,910,秘めごと　純米吟醸蔵元：松山酒造株式会社,住所：山形県酒田市字荒町17,原料：米・米こうじ,原料米：出羽燦々100%,度数：15度,精米歩合：55%,日本酒度：+3,酸度：1.3,酵母：山形酵母KA,
227,914,風香　純米吟醸蔵元：梅乃宿酒造 株式会社,住所：奈良県葛城市東室27,原料　：　米・米こうじ,度数　：16度未満,精米歩合　：60%,
228,921,米のささやき 大吟醸蔵元：株式会社　本田商店,住所：兵庫県姫路市網干区高田361-1,精米歩合：酒母、麹米40% 掛米50%,原材料：米・米こうじ・醸造アルコール,度数：17度以上18度未満,
229,985,山猿 特別純米酒蔵元：永山酒造合名会社,住所：山陽小野田市大字厚狭367-1,原材料：米・米麹,度数：15度以上16度以下,精米歩合：60％,
230,992,花の舞 無濾過 生原酒蔵元：花の舞酒造株式会社,住所：静岡県浜松市浜北区宮口632,原料米：静岡県産山田錦100%,精米歩合：60%,原材料：米・米こうじ,度数：18度以上19度未満,
231,997,千代の亀 特別純米蔵元：千代の亀酒造株式会社,住所：愛媛県喜多郡内子町平岡甲1294番地1,精米歩合：58%,原材料：米・米こうじ,度数：16度,
232,1002,李白 特別純米酒 ひやおろし 生詰蔵元：李白酒造有限会社,住所：島根県松江市石橋町335,精米歩合：58%,原材料：米・米こうじ,度数：15度以上16度未満,
233,1009,一生青春 特別純米蔵元：曙酒造合資会社,住所：福島県河沼郡会津坂下町戌亥乙２,度数：16度,原材料名：米・米こうじ,精米歩合：60%,
234,1013,南部美人 愛山蔵元：株式会社 南部美人,住所：岩手県二戸市福岡字上町13,度数：16.0度以上17.0度未満,原材料名：米（国産）・米こうじ（国産米）,精米歩合：50%,
235,1017,鳳凰美田　純米大吟醸　山田錦五割磨き蔵元：小林酒造株式会社,住所：栃木県小山市大字卒島743-1,度数：16.0度以上17.0度未満,原材料名：米（国産）・米こうじ（国産米）,原料米：山田錦100%,精米歩合：50%,
236,1022,酔鯨 純米吟醸 高育５４号蔵元：酔鯨酒造株式会社,住所：高知県高知市長浜５６６−１,度数：16.0度,原材料名：米（国産）・米こうじ（国産米）,原料米：吟の夢100%,精米歩合：50%,
237,1029,神雷 ひやおろし 八反錦蔵元：三輪酒造株式会社,住所：広島県神石郡神石高原町油木乙1930,精米歩合：60%,原材料：米・米こうじ,度数：16度以上17度未満,原料米：広島県産 八反錦100%,
238,1033,薩州 正宗蔵元：濱田酒造グループ 薩摩金山蔵株式会社,住所：鹿児島県いちき串木野市野下13665,精米歩合：70%,原材料：米（国産米）・米こうじ（国産米）,度数：15度,
239,1037,黎明 純米吟醸蔵元：泰石酒造,住所：沖縄県うるま市平良川９０,精米歩合：掛麹55%、掛米：60%,原材料：米（国産米）・米こうじ（国産米）,度数：15度,原料米：レイホウ,
240,1045,うごのつき 純米吟醸蔵元：相原酒造株式会社,住所：広島県呉市仁方本町１丁目２５−１５,精米歩合：麹米50%、掛米：60%,原材料：米（国産米）・米こうじ（国産米）,度数：15度以上16度未満,
241,1050,しぼりたて 原酒 純米吟醸蔵元：麗人酒造株式会社,住所：長野県諏訪市諏訪２－９－２１,原材料名：米（長野県産）、米こうじ（長野県産）,精米歩合：59%,度数：17度,
242,1054,紀土 純米吟醸蔵元：平和酒造株式会社,住所：和歌山県海南市溝ノ口119,原材料名：米（国産）、米こうじ（国産米）,精米歩合：麹米50%、掛米55%,度数：15度以上16度未満,
243,1059,悦凱陣 純米酒 オオセト仕38,39号生蔵元：丸尾本店,住所：香川県仲多度郡琴平町榎井９３,原材料名：米、米こうじ,精米歩合：60%,度数：17度以上18度未満,
244,1065,髙島 特別純米酒蔵元：川島酒造株式会社,住所：滋賀県高島市新旭町旭８３,度数：15度以上16度未満,原材料名：米・米こうじ,原料米：近江産玉栄１００％,精米歩合：麹米60%,
245,1074,冴 大吟醸蔵元：天領盃酒造株式会社,住所：新潟県佐渡市加茂歌代４５８,原材料名：米(新潟県産)、米こうじ(新潟県産)、醸造アルコール,精米歩合50%,度数：15度,
246,1082,陸奥 八仙 特別純米蔵元：八戸酒造株式会社,住所：青森県八戸市大字湊町字本町9,原料：米・米こうじ,度数：15度,精米歩合：60%,
247,1086,純米酒 秋鹿　千秋蔵元：秋鹿酒造有限会社,住所：大阪府豊能郡能勢町倉垣１００７,原材料　：　米（国産）、米こうじ（国産米）,精米歩合　：　75%,度数　：　14度未満,
248,1094,龍力 純米吟醸 ドラゴン 黒蔵元：株式会社　本田商店,住所：兵庫県姫路市網干区高田361-1,精米歩合：60%,原材料：米（国産）・米こうじ（国産米）,度数：16度,
249,1100,腰古井 大吟醸蔵元：吉野酒造株式会社醸,住所：千葉県勝浦市植野571,精米歩合：50%,原材料：米（国産）・米こうじ（国産米）・醸造アルコール,度数：15度以上16度未満,
250,1105,風の森 奈良県産 秋津穂 純米蔵元：油長酒造株式会社,住所：奈良県御所市本町1160,度数：17度,原材料名：米（国産）・米こうじ（国産）奈良県産 秋津穂100%使用,精米歩合：65%,
251,1111,純米吟醸 幻蔵元：中尾醸造株式会社,住所：広島県竹原市中央5-9-14,原料：米（国産）・米こうじ（国産米）,原料米：八反錦100%（広島県産）,度数：15度,精米歩合：55%,日本酒度：＋3,
252,1119,三千櫻 純米 五百万石蔵元：三千櫻酒造株式会社,住所：岐阜県中津川市田瀬２５,原料：米（国産）・米麹（国産米）,精米歩合：６０％,アルコール度数：15度,
253,1123,金鶴 純米吟醸 生酒蔵元：有限会社 加藤酒造店,住所：新潟県佐渡市沢根炭屋町50,精米歩合：55%,原材料：米（新潟県産）・米麹（新潟県産米）,度数：16度,
254,1127,梅乃宿 純米吟醸 辛蔵元：梅乃宿酒造株式会社,住所：奈良県葛城市東室27,原料：米（国産）・米こうじ（国産米）,度数：16度,精米歩合：55%,
255,1132,龍力 純米酒 純米ドラゴン3蔵元：株式会社　本田商店,住所：兵庫県姫路市網干区高田361-1,精米歩合：65%,原材料：米（国産）・米こうじ（国産米）,度数：16度,
256,1134,あら玉 純米吟醸蔵元：和田酒造合資会社,住所：山形県西村山郡河北町谷地甲17,原材料名：米（国産）、米こうじ（国産米）,精米歩合：55%,度数：15度以上16度未満,原料米：山形県産つや姫100%,
257,1142,水芭蕉 純米辛口スパークリング蔵元：永井酒造株式会社,住所：群馬県利根郡川場村門前７１３,原材料名：米（国産）、米こうじ（国産米）,精米歩合：60%,度数：15度,日本酒度：+8,
258,1146,手取川 純米吟醸蔵元：株式会社 吉田酒造店,住所：石川県白山市安吉町４１,精米歩合：麹米50%　掛米55%,原材料：米（国産）・米こうじ（国産米）,度数：15度,
259,1151,宗玄 純米大吟醸蔵元：宗玄酒造株式会社,住所：石川県珠洲市宝立町宗玄２４−２２,原料米：兵庫県産山田錦100%,精米歩合：40%,原材料：米（国産）・米こうじ（国産米）,度数：17度,
260,1155,喜楽長 純米大吟醸 夢銀河（ラベル違い）蔵元：喜多酒造 株式会社,住所：滋賀県東近江市池田町1129,原料　：　米・米こうじ,度数　：17～18度未満,精米歩合　：50%,
261,1160,平家伝説 特別純米酒蔵元：通潤酒造株式会社謹醸,住所：熊本県上益城郡山都町浜町54,原料：米（熊本県山都町産）・米麹（熊本県山都町産米）,度数：15度,精米歩合：60%,
262,1166,純米原酒 山頭火蔵元：通潤酒造株式会社謹醸,住所：熊本県上益城郡山都町浜町54,原料：米（熊本県山都町産）・米麹（熊本県山都町産米）,度数：18度,精米歩合：60%,
263,1172,万齢 純米吟醸蔵元：小松酒造株式会社,住所：佐賀県唐津市相知町千束１４８９,精米歩合：50%,原材料：米・米こうじ（原料米はすべて国産）山田錦二割、美山錦八割,度数：15度,日本酒度：+4,
264,1178,万齢 特別純米酒蔵元：小松酒造株式会社,住所：佐賀県唐津市相知町千束１４８９,精米歩合：55%,原材料：米・米こうじ（原料米はすべて佐賀、相知産）,使用米：麹米：山田錦二割、掛米：雄町八割,度数：15度,日本酒度：+6,
265,1183,眞澄 純米吟醸 生蔵元：宮坂醸造株式会社,住所：長野県諏訪市元町1-16,精米歩合：55%,原材料：米・米こうじ(国産米),度数：15度,
266,1187,七田 純米 ひやおろし蔵元：天山酒造株式会社,住所：佐賀県小城市小城町岩蔵１５２０,精米歩合：75%,原材料：米（国産）・米こうじ（国産米）,度数：17度,
267,1194,上喜元 美郷錦 特別純米蔵元：酒田酒造株式会社,住所：山形県酒田市日吉町２丁目３−２５,精米歩合：55%,原材料：米（国産）・米こうじ（国産米）,度数：17度,
268,1199,〆張鶴 純米吟醸　超淡麗蔵元：宮尾酒造株式会社,住所：新潟県村上市上片町5-15,原料：米（新潟県産）・米こうじ（新潟県産米）,原料米：超淡麗100%使用,度数：16度,精米歩合：50%,
269,1203,白鷹 特別純米 ひやおろし蔵元：白鷹株式会社,住所：兵庫県西宮市浜町1−1,原料：米（国産）・米こうじ（国産米）,度数：15度以上16度未満,精米歩合：70%,
270,1208,豊81蔵元：三浦酒造株式会社,住所：青森県弘前市大字石渡5-1-1,原材料：米（国産）・米麹（国産米）,度数：15度以上16度未満,
271,1214,燦然 特別純米 生詰 原酒蔵元：菊池酒造株式会社,住所：岡山県倉敷市玉島阿賀崎１２１２,原材料：米（国産）・米麹（国産米）,原料米：雄町100%使用,度数：18.6度,精米歩合：65%,
272,1218,福美人 純米吟醸蔵元：福美人酒造株式会社,住所：広島県東広島市西条本町６−２１,原材料：米（国産）・米麹（国産米）,度数：15度以上16度未満,精米歩合：60%,
273,1227,楯野川　純米大吟醸 出羽燦々蔵元：楯の川酒造株式会社,住所：山形県酒田市山楯字清水田27,原材料名：米（国産）、米こうじ（国産米使用）,精米歩合：50%,度数：14度以上15度未満,
274,1231,米宗 純米吟醸蔵元：青木酒造株式会社,住所：愛知県愛西市本部田町本西６０,原材料名：米（国産）、米こうじ（国産米使用）,精米歩合：55%,度数：16度,
275,1235,美濃菊　純米大吟醸蔵元：玉泉堂酒造株式会社,住所：岐阜県養老郡養老町高田800-3,原材料名：米、米こうじ,精米歩合：50%,度数　：　15度以上16度未満,原料米：岐阜県産ひだほまれ１００％,日本酒度：+3,酸度：１．３,アミノ酸度：1.3,仕込水：養老山系伏流水,
276,1240,東一蔵元：五町田酒造株式会社,住所：佐賀県嬉野市塩田町大字五町田甲２０８１,精米歩合：64%,原材料：米（国産）・米こうじ（国産米）,度数：15度,
277,1247,澤屋まつもと　純米大吟醸　朝日　2014蔵元：松本酒造株式会社,住所：京都市伏見区横大路三栖大黒町７,精米歩合：50%,原材料：米（国産）・米麹（国産米）,度数：15度,
278,1253,純米樽酒 杜の蔵蔵元：株式会社杜の蔵,住所：福岡県久留米市三潴町玉満2773,精米歩合：75%,原材料：米（国産）・米麹（国産米）,度数：14度,
279,1258,月のよさ蔵元：合資会社 山崎本店酒造場,住所：長崎県島原市白土町１０６５,精米歩合：55%,原材料：米（国産）・米麹（国産米）,原材米品種：麹米 山田錦100%・掛米レイホウ100%,日本酒度：+3～+4,酸度：1.5,度数：15 ～ 16度,
280,1265,和田龍登水 美山錦 生酒蔵元：和田龍酒造株式会社,住所：長野県上田市中央西１丁目１４−１４,精米歩合：49%,原材料：米（国産）・米麹（国産米）,使用米：美山錦100%,度数：16度,
281,1268,京ひな 純米吟醸蔵元：酒六酒造株式会社,住所：愛媛県喜多郡内子町内子３２７９−１,精米歩合：55%,原材料：米（国産）・米麹（国産米）,度数：17度,
282,1272,高砂 山廃 純米吟醸蔵元：富士高砂酒造株式会社,住所：静岡県富士宮市宝町９−２５,精米歩合：55%,原材料：米（国産）・米麹（国産米）,度数：15度,使用酵母：静岡酵母,日本酒度：-3,
283,1279,あらえびす 純米吟醸蔵元：廣田酒造店,住所：岩手県紫波郡紫波町宮手泉屋敷２−４,精米歩合：55%,原材料：米（国産）・米麹（国産米）,度数：16度,
284,1283,喜平治 特別純米原酒蔵元：廣田酒造店,住所：岩手県紫波郡紫波町宮手泉屋敷２−４,精米歩合：60%,原材料：米（国産）・米麹（国産米）,度数：12度,
285,1286,廣喜 大吟醸蔵元：廣田酒造店,住所：岩手県紫波郡紫波町宮手泉屋敷２−４,精米歩合：40%,原材料：米（国産）・米麹（国産米）・醸造アルコール,度数：15度,
286,1289,道灌 しぼりたて蔵元：太田酒造（株）,住所：滋賀県草津市草津３丁目１０−３７,精米歩合：65%,原材料：米・米麹・醸造アルコール,度数：18以上19度未満,
287,1293,確蔵 特別純米蔵元：重家酒造株式会社,住所：長崎県壱岐市郷ノ浦町本村触７０４,原料米：山田錦,精米歩合：60%,原材料：米（国産）・米麹（国産）,度数：15度,
288,1298,東一 しぼりたて生酒蔵元：五町田酒造株式会社,住所：佐賀県嬉野市塩田町大字五町田甲２０８１,精米歩合：64%,原材料：米（国産）・米こうじ（国産米）,度数：17度,原料米：山田錦１００％使用,
289,1305,〆張鶴 純米吟醸 純蔵元：宮尾酒造株式会社,住所：新潟県村上市上片町5-15,原料：米（国産）・米こうじ（国産米）,度数：15度,精米歩合：50%,
290,1308,三春駒 大吟醸蔵元：佐藤酒造株式会社,住所：福島県田村郡三春町中町６７,原料：米（国産）・米こうじ（国産米）、醸造アルコール,度数：16度以上17度未満,精米歩合：40%,
291,1312,日本盛 純米吟醸 生酒蔵元：日本盛株式会社,住所：兵庫県西宮市用海町４−５７,精米歩合：55%,原材料：米・米こうじ,度数：15度以上16度未満,
292,1318,沙羅双樹 純米大吟醸50蔵元：盛川酒造株式会社,住所：広島県呉市安浦町原畑44,精米歩合：50%,使用米：広島県産特A地区産・山田錦100%,原材料：米（国産）・米こうじ（国産米）,日本酒度：+1,酸度：1.4,度数：16.5度,杜氏：盛川元晴（広島杜氏）,
293,1321,藤樹 大吟醸蔵元：川島酒造株式会社,住所：滋賀県高島市新旭町旭８３,度数：16度以上17度未満,原材料名：米・米こうじ・醸造アルコール,原料米：山田錦１００％,使用酵母：明利,水質：比良山系伏流水,仕込方法：長期低温醗酵留後40日,貯蔵：冷房貯蔵（3℃）,粕歩合：45%,日本酒度：+4,酸度：1.3,アミノ酸：1.0,濃淡：淡麗,精米歩合：40%,
294,1329,鍋島 特別純米酒蔵元：富久千代酒造有限会社,住所：佐賀県鹿島市浜町八宿1254−1,度数：15度,原材料名：米（国産）・米こうじ（国産米）,精米歩合：55%,杜氏：飯盛　直喜,
295,1332,白瀑　ど辛　純米蔵元：山本合名会社,住所：秋田県山本郡八峰町八森八森２６９,度数：15度,原材料名：米（国産）・米こうじ（国産米）,精米歩合：65%,
296,1335,あら玉 特別純米原酒蔵元：和田酒造合資会社,住所：山形県西村山郡河北町谷地甲17,原材料名：米（国産）、米こうじ（国産米）,精米歩合：60%,度数：17度,
297,1339,辯天 純米大吟醸原酒蔵元：後藤酒造店,住所：山形県東置賜郡高畠町糠野目１４６２,原材料名：米（国産）、米こうじ（国産米）,精米歩合：48%,度数：17度,使用米：岡山県産酒米 雄町100%,
298,1346,七田 山廃旨口純米蔵元：天山酒造株式会社,住所：佐賀県小城市小城町岩蔵１５２０,精米歩合：65%,原材料：米（国産）・米こうじ（国産米）,使用米：山田錦100%,度数：15度,
299,1349,いづみ橋 純米大吟醸蔵元：泉橋酒造株式会社,住所：神奈川県海老名市下今泉５丁目５−１,精米歩合：40%,原材料：米（国産）・米こうじ（国産米）,使用米：海老名産山田錦100%,度数：15度,
300,1352,昇龍蓬莱 生もと純米蔵元：大矢孝酒造株式会社,住所：神奈川県愛甲郡愛川町田代５２１,精米歩合：60%,原材料：米・米こうじ,使用米：国産米100%　岡山県産雄町100%,度数：15度,
301,1355,香田　特別純米酒蔵元：ハクレイ酒造株式会社,住所：京都府宮津市由良９４９,精米歩合：酒母、麹60%　掛米：７０％,原材料：米（国産）・米こうじ（国産米）,使用米：丹後山田錦100%,度数：14～15度未満,
302,1363,雁木　純米　ひやおろし蔵元：八百新酒造株式会社,住所：山口県岩国市今津町3-18-9,原材料名：米（国産）、米こうじ（国産米）,原料米：山田錦100%使用,精米歩合：60%,度数　：　17度,
303,1366,寶剣　純米吟醸　八反錦蔵元：宝剣酒造株式会社,住所：広島県呉市仁方本町1-11-2,原料　：　米(国産)・米こうじ（国産米）,使用米　：広島県産八反錦100%使用,度数　：16度,精米歩合　：55%,
304,1369,大山 特別純米酒　ひやおろし蔵元：加藤嘉八郎酒造株式会社,住所：山形県鶴岡市大山三丁目1-38,原材料名：米（国産）、米麹（国産米）,精米歩合：60%,度数　：　16.5度,
305,1373,飛良泉　山廃　超辛口　純米蔵元：株式会社飛良泉本舗,住所：秋田県にかほ市平沢中町５９,原材料名：米（国産）、米麹（国産米）,精米歩合：60%,度数　：　15度,日本酒度　：　+8.0,酸度　：　2.1,
306,1378,東一 ひやおろし 山田錦純米酒蔵元：五町田酒造株式会社,住所：佐賀県嬉野市塩田町大字五町田甲２０８１,精米歩合：64%,原材料：米（国産）・米こうじ（国産米）,度数：17度,原料米：山田錦１００％使用,
307,1383,臥龍梅 純米吟醸蔵元：三和酒造株式会社,住所：静岡県静岡市清水区西久保501-10,精米歩合：55%,原材料：米（国産）・米こうじ（国産米）,度数：16度以上17度未満,原料米：富山県産五百万石,
308,1387,初代辛口 金五郎蔵元：米田酒造株式会社,住所：島根県松江市東本町３丁目５９,精米歩合：65%,原材料：米（国産）・米こうじ（国産米）,度数：15度,
309,1392,長珍　特別純米酒蔵元：長珍酒造（株）,住所：愛知県津島市本町３丁目６２,精米歩合：60%,原料米：酒造好適米（国産）全量使用,原材料：米（国産）・米麹（国産）,度数：16度,
310,1396,一本義 純米吟醸蔵元：（株）一本義久保本店,住所：福井県勝山市沢町1丁目3−1,精米歩合：58%,原料米：越ノ雫 100%,原材料：米（国産）・米麹（国産）,度数：16度,
311,1402,雁木 純米 無濾過 生原酒蔵元：八百新酒造株式会社,住所：山口県岩国市今津町3-18-9,原材料名：米、米こうじ,原料米：山田錦100%使用,精米歩合：60%,度数　：　17度,
312,1407,るみ子の酒 特別純米無濾過生原酒蔵元：合名会社 森喜酒造場,住所：三重県伊賀市千歳41−２,原材料名：米（国産）、米こうじ（国産米）,杜氏：蔵元兼任　酵母　協会9号,原料米：60%精米伊賀産伊勢錦（75%） 60%精米徳島産山田錦(25%),精米歩合：60%,度数：18%,日本酒度：+7,酸数：1.7,アミノ酸：1.2,
313,1414,竹鶴 秘傳 純米蔵元：竹鶴酒造株式会社,住所：広島県竹原市本町三丁目10-29,原材料名：情報求む,原料米：情報求む,精米歩合：情報求む,度数：情報求む,
314,1418,岩の井 純米吟醸蔵元：岩瀬酒造株式会社,住所：千葉県夷隅郡御宿町久保１９１６,原材料名：米（国産）、米麹（国産米）,精米歩合：60%,度数：16度,
315,1423,旭若松 雄町100%蔵元：那賀酒造有限会社,住所：徳島県那賀郡那賀町和食字町３５,原材料名：米（国産）、米麹（国産米）原料米は国産100%,精米歩合：70% 自家精米,原料米：雄町100%,使用酵母：10号系,度数：20度,
316,1427,基峰鶴 超辛口純米酒蔵元：合資会社 基山商店,住所：佐賀県三養基郡基山町宮浦１５１,度数：15度,原材料名：米（国産）・米こうじ（国産米）,精米歩合：60%,
317,1432,純米辛口　弥右衛門蔵元：合資会社 大和川酒造店,住所：福島県喜多方市寺町４７６１,度数：15度,原材料名：米（国産）・米こうじ（国産米）,精米歩合：60%,
318,1436,夜の帝王　特別純米酒蔵元：藤井酒造株式会社,住所：広島県竹原市本町3-4-14,精米歩合：65%,使用米：広島県産八反錦100%,原材料：米（国産）・米こうじ（国産米）,度数：15度,
319,1448,貴 特別純米酒蔵元：株式会社永山本家酒造場,住所：山口県宇部市車地138,原材料：米（国産）・米こうじ（国産米）,精米歩合：60%,度数：15度以上16度未満,
320,1454,山陽鶴 純米吟醸 しぼりたて蔵元：山陽鶴酒造株式会社,住所：広島県東広島市西条岡町６−９,原材料：米（国産）・米こうじ（国産米）,精米歩合：60%,度数：16度,
321,1461,お福正宗 純米吟醸酒蔵元：お福酒造株式会社,住所：新潟県長岡市横枕町６０６,原材料：米（国産）・米こうじ（国産米）,精米歩合：60%,度数：17度,
322,1467,七田　無濾過生蔵元：天山酒造株式会社,住所：佐賀県小城市小城町岩蔵１５２０,精米歩合：75%,原材料：米（国産）・米こうじ（国産米）,使用米：山田錦100%,度数：17度,
323,1470,鶴の友 別撰蔵元：樋木酒造株式会社,住所：新潟県新潟市 西区内野町５７７,原材料：米（国産）・米こうじ（国産米）・醸造アルコール,度数：16度以上17度,
324,1474,榮光冨士 純米大吟醸 無濾過生原酒蔵元：冨士酒造株式会社,住所：山形県鶴岡市大山３丁目３２−４８,原材料：米（国産）・米こうじ（国産米）,原材米：兵庫県産愛山100%,精米歩合：50%,使用酵母：山形酵母,度数：17度以上18度未満,酸度：1.6,アミノ酸度：1.0,日本酒度：-1.0,
325,1480,龍力 生もと仕込み 兵庫県特A地区産 山田錦 生酒蔵元：株式会社　本田商店,住所：兵庫県姫路市網干区高田361-1,精米歩合：65%,原材料：米（国産）・米こうじ（国産米）,度数：18度,
326,1489,るみ子の酒 山廃備前雄町 無濾過生原酒蔵元：合名会社 森喜酒造場,住所：三重県伊賀市千歳41−２,原材料名：米（国産）、米こうじ（国産米）,杜氏：蔵元兼任　酵母　蔵内酵母,原料米：60%精米備前雄町（92%） 60%精米伊賀産山田錦(8%),精米歩合：60%,度数：18%,日本酒度：+7,酸数：1.8,アミノ酸：1.4,
327,1492,上喜元 特別純米 ぷらす12蔵元：酒田酒造株式会社,住所：山形県酒田市日吉町２丁目３−２５,精米歩合：55%,原材料：米（国産）・米こうじ（国産米）,度数：16度以上17度未満,
328,1495,白鷹 純米吟醸蔵元：白鷹株式会社,住所：兵庫県西宮市浜町1−1,原料：米（国産）・米こうじ（国産米）,使用米：兵庫県特A地区 山田錦100%,度数：16度以上17度未満,精米歩合：60%,
329,1498,松の花 純米大吟醸 生原酒蔵元：川島酒造株式会社,住所：滋賀県高島市新旭町旭８３,原料：米（国産）・米こうじ（国産米）,使用米：近江米 山田錦100%,度数：16度以上17度未満,精米歩合：40%,
330,1502,神田　純米蔵元：花の香酒造株式会社,住所：熊本県玉名郡和水町西吉地2226-2,原料：米（国産）・米こうじ（国産米）,度数：16度,
331,1507,阿櫻　純米大吟醸　無濾過原酒　生酒　別誂蔵元：阿櫻酒造株式会社,住所：秋田県横手市大沢西野６７−２,原料：米（秋田県産）・米こうじ（秋田県産米）,精米歩合：50%（秋田県産 秋田酒こまち）,度数：16度,
332,1512,古伊万里　純米蔵元：古伊万里酒造有限会社,住所：佐賀県伊万里市二里町中里甲３２８８−１,原料：米（国産）・米こうじ（国産米）,精米歩合：65%,度数：15度,
333,1518,越後 雪紅梅 大吟醸 しずく取り蔵元：長谷川酒造株式会社,住所：新潟県長岡市摂田屋2-7-28,原料：米（国産）・米こうじ（国産米）・醸造アルコール,原料米：山田錦100%使用,精米歩合：40%,度数：17度,
334,1522,杵の川　樽酒蔵元：株式会社杵の川,住所：長崎県諌早市土師野尾町17-4,原材料：米・米こうじ・醸造アルコール,度数：14度,
335,1528,香梅 純米吟醸蔵元：香坂酒造株式会社,住所：山形県米沢市中央７丁目３－１０,原材料：米（国産）・米こうじ（国産米）,原材米：出羽燦々100%,酵母：ＫＡ山形酵母,醸造責任者：香坂洋平,度数：15度,精米歩合：50%,日本酒度：+4.0,酸度：1.3,
336,1531,美丈夫 純米吟醸蔵元：有限会社 濵川商店,住所：高知県安芸郡田野町2150,原材料：米（国産）・米こうじ（国産米）,度数：15度,精米歩合：55%,
337,1540,賀茂鶴 純米蔵元：賀茂鶴酒造株式会社,住所：広島県東広島市西条本町4-31,仕込水：賀茂山系伏流水,原材料：米（国産）、米こうじ（国産米）,精米歩合：65%,度数：14～15度未満,日本酒度：+4,
338,1545,鶴の友 上白蔵元：樋木酒造株式会社,住所：新潟県新潟市 西区内野町５７７,原材料：米（国産）・米こうじ（国産米）・醸造アルコール,度数：15度以上16度,
339,1551,旭若松 無濾過生原酒蔵元：那賀酒造有限会社,住所：徳島県那賀郡那賀町和食字町３５,原材料名：米（国産）、米麹（国産米）原料米は国産100%,精米歩合：70% 自家精米,使用酵母：10号系,度数：20度,
340,1554,コシヒカリの純米酒 おろちの舞蔵元：旭日酒造有限会社,住所：島根県出雲市今市町662,精米歩合：65%,原材料：米・米こうじ,原材米：出雲産コシヒカリ100%,度数：17度以上18度未満,日本酒度：+10,
341,1557,出雲富士 減農薬・減化学肥料　純米蔵元：富士酒造合資会社,住所：島根県出雲市今市町1403/li&gt;
,精米歩合：65%,原材料：米（国産）・米こうじ（国産米）,使用米：佐香錦100%（出雲市野尻地区産契約栽培米）,度数：15度,日本酒度：+10,
342,1562,水尾　辛口蔵元：株式会社田中屋酒造店,住所：長野県飯山市大字飯山2227,精米歩合：麹米59%　掛米70%,アルコール度数：15度,原料：米、米麹、醸造アルコール,
343,1568,宮の雪　純米蔵元：株式会社宮崎本店,住所：三重県四日市市楠町南五味塚972,精米歩合：麹米60%　掛米65%,アルコール度数：15度,原料：米（国産）、米麹（国産米）,
344,1571,播州一献　山廃純米　雄町蔵元：山陽盃酒造株式会社,住所：兵庫県宍粟市山崎町山崎２８,原料米：岡山産雄町100%,精米歩合：65%,アルコール度数：16度,原料：米（国産）、米麹（国産米）,
345,1575,水尾 一味 辛口純米酒蔵元：株式会社田中屋酒造店,住所：長野県飯山市大字飯山2227,精米歩合：麹米59%　掛米70%,アルコール度数：15度,原料：米、米麹,
346,1583,まんさくの花 特別純米酒 ひやおろし蔵元：日の丸醸造株式会社J,住所：秋田県横手市増田町増田七日町１１４−２,精米歩合：麹米60%,アルコール度数：16度,原料：米（国産）、米麹（国産米）,原料米：秋田県産吟の精100%,
